{
  "simulation": {
    "time": 43.54248160868883,
    "delta": 0.016394082456827164,
    "tick": 4791
  },
  "constants": {
    "cityDefaultBuyPrice": 10.0,
    "cityMinBuyPrice": 0.1,
    "cityMinSpread": 3.0,
    "cityPriceAdjustRate": 0.024999999,
    "citySellSmoothingRate": 0.05,
    "distancePenalty": 0.23,
    "guyWorkIncentiveWeight": 0.02,
    "harvestCost": 5.2,
    "inventoryScarcityExponent": 2.0,
    "inventoryVelocitySensitivity": 2.0
  },
  "map": {
    "tilesWide": 40,
    "tilesHigh": 20,
    "tileWidthPx": 32,
    "tileHeightPx": 32,
    "worldWidthPx": 1280,
    "worldHeightPx": 640
  },
  "cities": [
    {
      "id": "City_1",
      "name": "sf",
      "worldX": 288,
      "worldY": 416,
      "width": 32,
      "height": 32,
      "centerX": 304,
      "centerY": 432,
      "resources": {
        "RAW": {
          "inventory": 213.57286071777344,
          "inventoryTarget": 100.0,
          "inventoryRatio": 2.135728607177734,
          "inventoryDeviation": 113.57286071777344,
          "inventoryVelocity": 21.25553321838379,
          "buyPrice": 1.1774559020996094,
          "sellPrice": 4.357700824737549,
          "priceSpread": 3.1802449226379395,
          "buyPriceVelocity": -0.47628939151763916,
          "sellPriceVelocity": -0.11410410702228546,
          "buyPressure": -42.51106643676758,
          "targetSellPrice": 2.077455997467041,
          "dynamicSpread": 0.9000000953674316,
          "consumeRate": 0.0,
          "craftRate": 0.0,
          "marketIntakeRate": 20.0,
          "marketOutputRate": 20.0,
          "cityArbitrageOpportunity": {
            "City_2": 8.372852
          }
        },
        "REFINED": {
          "inventory": 0.0,
          "inventoryTarget": 100.0,
          "inventoryRatio": 0.0,
          "inventoryDeviation": -100.0,
          "inventoryVelocity": 0.0,
          "buyPrice": 9.088566780090332,
          "sellPrice": 14.305563926696777,
          "priceSpread": 5.216997146606445,
          "buyPriceVelocity": 0.02501390129327774,
          "sellPriceVelocity": 0.039207834750413895,
          "buyPressure": 1.0,
          "targetSellPrice": 15.088566780090332,
          "dynamicSpread": 6.0,
          "consumeRate": 0.0,
          "craftRate": 0.0,
          "marketIntakeRate": 20.0,
          "marketOutputRate": 20.0,
          "cityArbitrageOpportunity": {
            "City_2": -5.879816
          }
        },
        "HERB": {
          "inventory": 0.0,
          "inventoryTarget": 0.0,
          "inventoryRatio": 0.0,
          "inventoryDeviation": 0.0,
          "inventoryVelocity": 0.0,
          "buyPrice": 10.0,
          "sellPrice": 13.0,
          "priceSpread": 3.0,
          "buyPriceVelocity": 0.0,
          "sellPriceVelocity": 0.0,
          "buyPressure": 0.0,
          "targetSellPrice": 13.0,
          "dynamicSpread": 3.0,
          "consumeRate": 0.0,
          "craftRate": 0.0,
          "marketIntakeRate": 20.0,
          "marketOutputRate": 20.0,
          "cityArbitrageOpportunity": {
            "City_2": -3.1561947
          }
        }
      }
    },
    {
      "id": "City_2",
      "name": "ny",
      "worldX": 800,
      "worldY": 416,
      "width": 32,
      "height": 32,
      "centerX": 816,
      "centerY": 432,
      "resources": {
        "RAW": {
          "inventory": 12.915216445922852,
          "inventoryTarget": 100.0,
          "inventoryRatio": 0.1291521644592285,
          "inventoryDeviation": -87.08478355407715,
          "inventoryVelocity": -2.000006914138794,
          "buyPrice": 12.73055362701416,
          "sellPrice": 17.342668533325195,
          "priceSpread": 4.612114906311035,
          "buyPriceVelocity": 0.03187818080186844,
          "sellPriceVelocity": 0.06945720314979553,
          "buyPressure": 1.2749865055084229,
          "targetSellPrice": 18.730552673339844,
          "dynamicSpread": 5.999999046325684,
          "consumeRate": 0.0,
          "craftRate": 0.0,
          "marketIntakeRate": 20.0,
          "marketOutputRate": 20.0,
          "cityArbitrageOpportunity": {
            "City_1": -16.165213
          }
        },
        "REFINED": {
          "inventory": 71.77145385742188,
          "inventoryTarget": 100.0,
          "inventoryRatio": 0.7177145385742187,
          "inventoryDeviation": -28.228546142578125,
          "inventoryVelocity": 0.5002779960632324,
          "buyPrice": 8.425747871398926,
          "sellPrice": 13.928834915161133,
          "priceSpread": 5.503087043762207,
          "buyPriceVelocity": 0.00703879538923502,
          "sellPriceVelocity": 0.024839386343955994,
          "buyPressure": 0.2822854518890381,
          "targetSellPrice": 14.425747871398926,
          "dynamicSpread": 6.0,
          "consumeRate": 1.5,
          "craftRate": 2.0,
          "marketIntakeRate": 20.0,
          "marketOutputRate": 20.0,
          "cityArbitrageOpportunity": {
            "City_1": -4.840268
          }
        },
        "HERB": {
          "inventory": 79.7589340209961,
          "inventoryTarget": 200.0,
          "inventoryRatio": 0.3987946701049805,
          "inventoryDeviation": -120.2410659790039,
          "inventoryVelocity": 0.0,
          "buyPrice": 9.843805313110352,
          "sellPrice": 15.196221351623535,
          "priceSpread": 5.352416038513184,
          "buyPriceVelocity": 0.01500834058970213,
          "sellPriceVelocity": 0.03240172937512398,
          "buyPressure": 0.6012053489685059,
          "targetSellPrice": 15.843805313110352,
          "dynamicSpread": 6.0,
          "consumeRate": 0.0,
          "craftRate": 0.0,
          "marketIntakeRate": 5.0,
          "marketOutputRate": 5.0,
          "cityArbitrageOpportunity": {
            "City_1": -5.1962214
          }
        }
      }
    }
  ],
  "nodes": [
    {
      "id": "Node_11",
      "name": "enBot",
      "worldX": 800,
      "worldY": 320,
      "centerX": 816,
      "centerY": 336,
      "resources": {
        "RAW": {
          "amount": 0.0,
          "amountMax": 0.0,
          "regenRate": 0.0,
          "regenDelay": 0.0,
          "regenCooldownTimer": 0.0,
          "harvestRate": 0.0
        },
        "REFINED": {
          "amount": 0.0,
          "amountMax": 0.0,
          "regenRate": 0.0,
          "regenDelay": 0.0,
          "regenCooldownTimer": 0.0,
          "harvestRate": 0.0
        },
        "HERB": {
          "amount": 9.29587459564209,
          "amountMax": 40.0,
          "regenRate": 1.649999976158142,
          "regenDelay": 5.0,
          "regenCooldownTimer": 0.0,
          "harvestRate": 20.0
        }
      }
    },
    {
      "id": "Node_3",
      "name": "wnTop",
      "worldX": 128,
      "worldY": 512,
      "centerX": 144,
      "centerY": 528,
      "resources": {
        "RAW": {
          "amount": 19.112892150878906,
          "amountMax": 50.0,
          "regenRate": 1.649999976158142,
          "regenDelay": 5.0,
          "regenCooldownTimer": 0.0,
          "harvestRate": 20.0
        },
        "REFINED": {
          "amount": 0.0,
          "amountMax": 0.0,
          "regenRate": 0.0,
          "regenDelay": 0.0,
          "regenCooldownTimer": 0.0,
          "harvestRate": 0.0
        },
        "HERB": {
          "amount": 0.0,
          "amountMax": 0.0,
          "regenRate": 0.0,
          "regenDelay": 0.0,
          "regenCooldownTimer": 0.0,
          "harvestRate": 0.0
        }
      }
    },
    {
      "id": "Node_4",
      "name": "wnBot",
      "worldX": 128,
      "worldY": 320,
      "centerX": 144,
      "centerY": 336,
      "resources": {
        "RAW": {
          "amount": 42.96457290649414,
          "amountMax": 50.0,
          "regenRate": 1.649999976158142,
          "regenDelay": 5.0,
          "regenCooldownTimer": 0.0,
          "harvestRate": 20.0
        },
        "REFINED": {
          "amount": 0.0,
          "amountMax": 0.0,
          "regenRate": 0.0,
          "regenDelay": 0.0,